model,k,precision@k,recall@k,ndcg@k,mrr@k,hit_rate@k,coverage,n_users
most_popular,10,0.12771285475792987,0.08712680282697745,0.15791142912189818,0.3124016217505366,0.5642737896494157,0.006114508060033352,599
highest_avg,10,0.031552587646076796,0.017034261385213516,0.03065642737643656,0.06205448233828869,0.2387312186978297,0.0027793218454697055,599
bayesian_avg,10,0.07863105175292154,0.04321477079718933,0.09595562011774943,0.22473633304184223,0.4090150250417362,0.0044469149527515284,599
random,10,0.0011686143572621037,0.0004554417275233488,0.001535575191843968,0.005458171025783714,0.011686143572621035,0.4896053362979433,599
item_item_cf,10,0.1367278797996661,0.09218204351271608,0.17696126644352417,0.3508294247025466,0.5676126878130217,0.14785992217898833,599
user_user_cf,10,0.1684474123539232,0.12920794925051615,0.2173964387046046,0.4010487055144818,0.6878130217028381,0.029683157309616452,599
content_based,10,0.009015025041736228,0.009447769151613772,0.013635637295115268,0.03126242149614437,0.0651085141903172,0.330183435241801,599
